{"CURRENTLISTENERS":24,"PEAKLISTENERS":32,"MAXLISTENERS":99999,"REPORTEDLISTENERS":null,"SERVERGENRE":"Chill","SERVERURL":"http:\/\/www.partybeatsfm.ph","SERVERTITLE":"Party Beats FM","SONGTITLE":"Chris Brown - Turn Up The Music _Lyrics On Screen_ _Fortune_","SONGURL":null,"IRC":null,"ICQ":null,"AIM":null,"STREAMSTATUS":1,"BITRATE":320,"CONTENT":"audio\/mpeg","VERSION":"2.4.7.256 (posix(linux x86))","UNIQUELISTENERS":11,"NEXTTITLE":null,"SONGHISTORY":[{"PLAYEDAT":1434897802,"TITLE":"Chris Brown - Turn Up The Music _Lyrics On Screen_ _Fortune_"},{"PLAYEDAT":1434897587,"TITLE":"Dierks Bentley - Say You Do"},{"PLAYEDAT":1434897365,"TITLE":"Calvin Harris - Outside (Feat.Ellie Goulding)"},{"PLAYEDAT":1434897105,"TITLE":"I Got a Feeling Black Eyed Peas LYRICS"},{"PLAYEDAT":1434896920,"TITLE":"Natalia La Rose - Somebody (Feat.Jeremih)"},{"PLAYEDAT":1434896664,"TITLE":"Shehyee - Inspirasyon (lyrics)"},{"PLAYEDAT":1434896515,"TITLE":"Snoop Dogg - Smoke Weed Everyday with Lyrics"},{"PLAYEDAT":1434896304,"TITLE":"David Archuleta- Crush Lyrics"},{"PLAYEDAT":1434896122,"TITLE":"LIGAYA-ERASERHEADS(LYRICS)"},{"PLAYEDAT":1434895884,"TITLE":"Dyosa Official Music Video [Diary ng Panget The Movie OST] - Yumi"}]}